{ "timestamp": "2025-07-29 01:50:00", "queue_actions": { "total_categories": 8, "total_actions": 37, "critical_priority": 2, "high_priority": 5, "medium_priority": 1, "failed_actions": 3, "categories": [ { "name": "Dashboard Enrichissement", "priority": "HIGH", "status": "PENDING", "actions": [ "Intégrer tableau drivers dans docs/dashboard/index.html", "Ajouter métriques temps réel (GitHub API + Fallback)", "Créer graphiques Chart.js pour drivers", "Ajouter logs dynamiques dans dashboard", "Optimiser performance dashboard" ] }, { "name": "Tuya Smart Life Intégration", "priority": "HIGH", "status": "PENDING", "actions": [ "Analyser https://github.com/tuya/tuya-smart-life", "Extraire drivers compatibles pour notre projet", "Intégrer fonctionnalités Smart Life", "Adapter pour Homey SDK3", "Créer migration script Smart Life → Homey" ] }, { "name": "Drivers Validation", "priority": "CRITICAL", "status": "PENDING", "actions": [ "Tester 80 drivers (45 SDK3 + 23 En Progrès + 12 Legacy)", "Migrer 12 drivers legacy vers SDK3", "Finaliser 23 drivers en progrès", "Valider compatibilité Homey", "Documenter tous les drivers" ] }, { "name": "Workflows Optimisation", "priority": "HIGH", "status": "PENDING", "actions": [ "Tester tous les workflows GitHub Actions", "Corriger chemins dashboard dans workflows", "Valider CI/CD automatique", "Optimiser performance workflows", "Ajouter tests automatisés" ] }, { "name": "Modules Intelligents", "priority": "MEDIUM", "status": "PENDING", "actions": [ "Tester 7 modules intelligents", "Valider AutoDetectionModule", "Tester LegacyConversionModule", "Vérifier GenericCompatibilityModule", "Optimiser IntelligentMappingModule" ] }, { "name": "Release v1.0.0 Correction", "priority": "CRITICAL", "status": "FAILED", "actions": [ "Corriger tag Git pour v1.0.0", "Recréer release v1.0.0", "Valider download URL pour v1.0.0" ] }, { "name": "Dashboard Intégration", "priority": "HIGH", "status": "PENDING", "actions": [ "Créer tableau drivers interactif", "Intégrer métriques temps réel", "Ajouter graphiques Chart.js", "Optimiser performance dashboard" ] }, { "name": "Smart Life Analysis", "priority": "HIGH", "status": "PENDING", "actions": [ "Analyser repository Tuya Smart Life", "Extraire drivers compatibles", "Adapter pour Homey SDK3", "Créer scripts de migration" ] } ] }, "temp_files": { "total_files": 14, "backup_files": 2, "driver_files": 2, "sensor_files": 2, "switch_files": 4, "drivers_backup_files": 1, "files": [ { "name": "tuya_auto_backup_20250724_015951", "location": "TEMP", "type": "Backup", "description": "Backup automatique du projet" }, { "name": "tuya_drivers_backup_20250724_012914", "location": "TEMP", "type": "Drivers Backup", "description": "Backup des drivers Tuya" }, { "name": "dimmer_1_gang_tuya", "location": "TEMP", "type": "Driver", "description": "Driver dimmer 1 gang" }, { "name": "dimmer_2_gang_tuya", "location": "TEMP", "type": "Driver", "description": "Driver dimmer 2 gang" }, { "name": "sensor_temp_TUYATEC-g3gl6cgy", "location": "TEMP", "type": "Sensor", "description": "Capteur de température" }, { "name": "wall_switch_1_gang_tuya", "location": "TEMP", "type": "Switch", "description": "Interrupteur 1 gang" }, { "name": "wall_switch_4_gang_tuya", "location": "TEMP", "type": "Switch", "description": "Interrupteur 4 gang" }, { "name": "wall_switch_5_gang_tuya", "location": "TEMP", "type": "Switch", "description": "Interrupteur 5 gang" }, { "name": "wall_switch_6_gang_tuya", "location": "TEMP", "type": "Switch", "description": "Interrupteur 6 gang" }, { "name": "water_leak_sensor_tuya", "location": "TEMP", "type": "Sensor", "description": "Capteur de fuite d'eau" } ] }, "log_files": { "total_files": 4, "test_reports": 1, "version_reports": 1, "analytics_reports": 1, "research_reports": 1, "files": [ { "name": "modules-test-report.json", "location": "docs/", "type": "Test Report", "description": "Rapport de test des modules" }, { "name": "VERSIONING_REPORT.json", "location": "docs/enhanced/", "type": "Version Report", "description": "Rapport de versioning" }, { "name": "VERSIONING_REPORT.json", "location": "docs/reports/analytics/", "type": "Analytics Report", "description": "Rapport d'analytics" }, { "name": "manufacturer-research-report.json", "location": "ref/", "type": "Research Report", "description": "Rapport de recherche fabricants" } ] }, "recovery_complete": true, "summary": { "actions_recovered": 37, "temp_files_found": 14, "log_files_found": 4, "total_items": 55, "status": "SUCCESS" }}