[{"id": "fc8cfe34-a348-4663-aae2-e479a0f4e2d1", "conversation_id": "1a3169ec-34e8-4bed-b8cc-85969bf61094", "user_id": "user-oSVbCDftDCblHwbu46B0c9lz", "rating": "thumbs_up", "create_time": "2023-12-05T14:45:19.567167Z", "workspace_id": null, "content": "{}", "evaluation_name": null, "evaluation_treatment": null, "update_time": "2024-12-07T04:52:13.028241Z"}, {"id": "081b932d-5d39-4e70-ba0b-64e8096d9c73", "conversation_id": "67e1c850-ab34-8000-9f77-5ae07da11eb7", "user_id": "user-oSVbCDftDCblHwbu46B0c9lz", "rating": "thumbs_down", "create_time": "2025-03-25T22:49:36.962785Z", "workspace_id": null, "content": "{}", "evaluation_name": null, "evaluation_treatment": null, "update_time": "2025-03-25T22:49:37.014991Z"}, {"id": "8f3cb410-8406-4d13-8c51-46f5d1feb355", "conversation_id": "687ee14d-ff54-8329-bb51-edc2aacc9174", "user_id": "user-oSVbCDftDCblHwbu46B0c9lz", "rating": "thumbs_up", "create_time": "2025-07-22T04:01:23.038921Z", "workspace_id": null, "content": "{}", "evaluation_name": null, "evaluation_treatment": null, "update_time": "2025-07-22T04:01:23.145376Z"}, {"id": "8a82a220-e980-4963-956b-560b158a15fb", "conversation_id": "687ee14d-ff54-8329-bb51-edc2aacc9174", "user_id": "user-oSVbCDftDCblHwbu46B0c9lz", "rating": "thumbs_up", "create_time": "2025-07-22T04:03:55.300156Z", "workspace_id": null, "content": "{}", "evaluation_name": null, "evaluation_treatment": null, "update_time": "2025-07-22T04:03:55.407439Z"}, {"id": "506fa703-6947-43be-a8fe-41590f85d160", "conversation_id": "687ee14d-ff54-8329-bb51-edc2aacc9174", "user_id": "user-oSVbCDftDCblHwbu46B0c9lz", "rating": "thumbs_up", "create_time": "2025-07-22T04:10:30.562938Z", "workspace_id": null, "content": "{}", "evaluation_name": null, "evaluation_treatment": null, "update_time": "2025-07-22T04:10:30.668968Z"}]