{
  "TS0001": {
    "capabilities": [
      "onoff"
    ],
    "clusters": [
      "genOnOff"
    ],
    "endpoints": 1,
    "description": "Single switch"
  },
  "TS0002": {
    "capabilities": [
      "onoff",
      "onoff"
    ],
    "clusters": [
      "genOnOff",
      "genOnOff"
    ],
    "endpoints": 2,
    "description": "Double switch"
  },
  "TS0003": {
    "capabilities": [
      "onoff",
      "onoff",
      "onoff"
    ],
    "clusters": [
      "genOnOff",
      "genOnOff",
      "genOnOff"
    ],
    "endpoints": 3,
    "description": "Triple switch"
  },
  "TS0601": {
    "capabilities": [
      "onoff"
    ],
    "clusters": [
      "genOnOff"
    ],
    "endpoints": 1,
    "description": "Generic switch"
  },
  "TS011F": {
    "capabilities": [
      "onoff",
      "meter_power"
    ],
    "clusters": [
      "genOnOff",
      "seMetering"
    ],
    "endpoints": 1,
    "description": "Smart plug with power meter"
  }
}