{
  "id": "com.dlnraja.tuya-zigbee-lite",
  "version": "1.0.0",
  "compatibility": ">=5.0.0",
  "platforms": [
    {
      "id": "tuya-zigbee",
      "name": {
        "en": "Tuya Zigbee (Lite)",
        "fr": "Tuya Zigbee (Léger)",
        "nl": "Tuya Zigbee (Licht)",
        "ta": "Tuya Zigbee (இலேசானது)"
      },
      "images": {
        "small": "assets/images/small.png",
        "large": "assets/images/large.png"
      },
      "icon": "assets/icon.svg",
      "class": "platform",
      "capabilities": [],
      "capabilitiesOptions": {},
      "pair": [
        {
          "id": "list_devices",
          "template": "list_devices",
          "options": {
            "singular": true
          }
        }
      ],
      "settings": [
        {
          "id": "debug",
          "type": "boolean",
          "label": {
            "en": "Debug Mode",
            "fr": "Mode Debug",
            "nl": "Debug Modus",
            "ta": "டீபக் பயன்முறை"
          },
          "value": false
        },
        {
          "id": "auto_discovery",
          "type": "boolean",
          "label": {
            "en": "Auto Discovery",
            "fr": "Découverte Automatique",
            "nl": "Automatische Ontdekking",
            "ta": "தானியங்கி கண்டுபிடிப்பு"
          },
          "value": true
        }
      ]
    }
  ],
  "drivers": [
    {
      "id": "zigbee-tuya-universal",
      "name": {
        "en": "Tuya Zigbee Universal",
        "fr": "Tuya Zigbee Universel",
        "nl": "Tuya Zigbee Universeel",
        "ta": "Tuya Zigbee உலகளாவிய"
      },
      "class": "device",
      "capabilities": ["onoff", "measure_power", "alarm_battery"],
      "images": {
        "small": "drivers/zigbee-tuya-universal/small.png",
        "large": "drivers/zigbee-tuya-universal/large.png"
      },
      "zigbee": {
        "manufacturerName": "Tuya",
        "productId": "Universal"
      }
    },
    {
      "id": "tuya-plug-universal",
      "name": {
        "en": "Tuya Plug Universal",
        "fr": "Prise Tuya Universelle",
        "nl": "Tuya Stekker Universeel",
        "ta": "Tuya பிளக் உலகளாவிய"
      },
      "class": "socket",
      "capabilities": ["onoff", "measure_power", "meter_power", "alarm_battery"],
      "images": {
        "small": "drivers/tuya-plug-universal/small.png",
        "large": "drivers/tuya-plug-universal/large.png"
      },
      "zigbee": {
        "manufacturerName": "Tuya",
        "productId": "Universal"
      }
    },
    {
      "id": "tuya-light-universal",
      "name": {
        "en": "Tuya Light Universal",
        "fr": "Lumière Tuya Universelle",
        "nl": "Tuya Licht Universeel",
        "ta": "Tuya ஒளி உலகளாவிய"
      },
      "class": "light",
      "capabilities": ["onoff", "dim", "light_temperature", "light_mode"],
      "images": {
        "small": "drivers/tuya-light-universal/small.png",
        "large": "drivers/tuya-light-universal/large.png"
      },
      "zigbee": {
        "manufacturerName": "Tuya",
        "productId": "Universal"
      }
    },
    {
      "id": "tuya-cover-universal",
      "name": {
        "en": "Tuya Cover Universal",
        "fr": "Volet Tuya Universel",
        "nl": "Tuya Bedekking Universeel",
        "ta": "Tuya மறைப்பு உலகளாவிய"
      },
      "class": "cover",
      "capabilities": ["windowcoverings_set", "windowcoverings_state"],
      "images": {
        "small": "drivers/tuya-cover-universal/assets/small.png",
        "large": "drivers/tuya-cover-universal/assets/large.png"
      },
      "zigbee": {
        "manufacturerName": "Tuya",
        "productId": "Universal"
      }
    },
    {
      "id": "tuya-climate-universal",
      "name": {
        "en": "Tuya Climate Universal",
        "fr": "Climat Tuya Universel",
        "nl": "Tuya Klimaat Universeel",
        "ta": "Tuya காலநிலை உலகளாவிய"
      },
      "class": "thermostat",
      "capabilities": ["target_temperature", "measure_temperature", "measure_humidity"],
      "images": {
        "small": "drivers/tuya-climate-universal/assets/small.png",
        "large": "drivers/tuya-climate-universal/assets/large.png"
      },
      "zigbee": {
        "manufacturerName": "Tuya",
        "productId": "Universal"
      }
    },
    {
      "id": "tuya-sensor-universal",
      "name": {
        "en": "Tuya Sensor Universal",
        "fr": "Capteur Tuya Universel",
        "nl": "Tuya Sensor Universeel",
        "ta": "Tuya சென்சார் உலகளாவிய"
      },
      "class": "sensor",
      "capabilities": ["measure_temperature", "measure_humidity", "measure_presence", "alarm_contact"],
      "images": {
        "small": "drivers/tuya-sensor-universal/assets/small.png",
        "large": "drivers/tuya-sensor-universal/assets/large.png"
      },
      "zigbee": {
        "manufacturerName": "Tuya",
        "productId": "Universal"
      }
    },
    {
      "id": "tuya-remote-universal",
      "name": {
        "en": "Tuya Remote Universal",
        "fr": "Télécommande Tuya Universelle",
        "nl": "Tuya Afstandsbediening Universeel",
        "ta": "Tuya தொலைவாசல் உலகளாவிய"
      },
      "class": "remote",
      "capabilities": ["alarm_battery"],
      "images": {
        "small": "drivers/tuya-remote-universal/assets/small.png",
        "large": "drivers/tuya-remote-universal/assets/large.png"
      },
      "zigbee": {
        "manufacturerName": "Tuya",
        "productId": "Universal"
      }
    }
  ],
  "images": {
    "small": "assets/images/small.png",
    "large": "assets/images/large.png"
  },
  "icon": "assets/icon.svg"
}
